wall_s	serial_bytes	last_dbt_counter	last_guest_t	qemu_rss_kb
15.004675786	0			6541860
30.027978740	87			8524136
45.049676914	51097	0x0000000000180000	0.000000	10454600
60.079105494	54747	0x00000000001d0000	0.000000	10765128
75.107852781	58397	0x0000000000220000	0.000000	10781688
90.134321513	62047	0x0000000000270000	0.000000	10778748
105.155243072	65697	0x00000000002c0000	0.000000	10787392
120.178989267	68617	0x0000000000300000	0.000000	10783964
135.200197196	72267	0x0000000000350000	0.000000	10781604
150.227896947	75917	0x00000000003a0000	0.000000	10787436
165.250825635	79567	0x00000000003f0000	0.000000	10783072
180.274097309	83217	0x0000000000440000	0.000000	10775568
195.303187447	86867	0x0000000000490000	0.000000	10786876
210.323352147	89787	0x00000000004d0000	0.000000	10784640
225.348801302	93437	0x0000000000520000	0.000000	10780312
240.372319670	97087	0x0000000000570000	0.000000	10786868
255.392764210	100737	0x00000000005c0000	0.000000	10783948
270.413627897	104387	0x0000000000610000	0.000000	10778748
285.437765658	107307	0x0000000000650000	0.000000	10787276
300.469879153	110957	0x00000000006a0000	0.000000	10785052
315.491293888	114607	0x00000000006f0000	0.000000	10790432
330.513134021	118257	0x0000000000740000	0.000000	10787592
345.540501601	121907	0x0000000000790000	0.000000	10785732
360.564384092	125557	0x00000000007e0000	0.000000	10790340
375.594563979	129207	0x0000000000830000	0.000000	10790908
390.619230895	132127	0x0000000000870000	0.000000	10785772
405.642940913	238802	0x00000000011a0000	0.000000	10862232
